"Strain",".y.","group1","group2","estimate","conf.low","conf.high","p.adj","p.adj.signif","Significance"
"HS","OD660_avg","HS YEP","HS YEP +TE",0.305888888888889,0.0737836041862197,0.537994173591558,0.024,"*","*"
"HS","OD660_avg","HS YEP","HS SM",0.509666666666666,0.274185312800444,0.745148020532889,0.006,"**","**"
"HS","OD660_avg","HS YEP +TE","HS SM",0.203777777777778,-0.0482950426213616,0.455850598176917,0.093,"ns","ns"
