"Strain",".y.","group1","group2","estimate","conf.low","conf.high","p.adj","p.adj.signif","Significance"
"HA","OD660_avg","HA YEP","HA YEP +TE",0.517777777777777,0.342336204260289,0.693219351295266,0.001,"***","***"
"HA","OD660_avg","HA YEP","HA SM",0.432555555555556,0.257254353029477,0.607856758081634,0.003,"**","**"
"HA","OD660_avg","HA YEP +TE","HA SM",-0.0852222222222219,-0.216432041062589,0.0459875966181454,0.164,"ns","ns"
