"Strain",".y.","group1","group2","estimate","conf.low","conf.high","p.adj","p.adj.signif","Significance"
"HM","OD660_avg","HM YEP","HM YEP +TE",0.129555555555555,-0.06690397533647,0.326015086447581,0.154,"ns","ns"
"HM","OD660_avg","HM YEP","HM SM",0.218777777777778,0.0585640780600457,0.37899147749551,0.018,"*","*"
"HM","OD660_avg","HM YEP +TE","HM SM",0.0892222222222223,-0.105661209135154,0.284105653579599,0.317,"ns","ns"
