"Strain",".y.","group1","group2","estimate","conf.low","conf.high","p.adj","p.adj.signif","Significance"
"HS","OD660_avg","HS YEP","HS YEP +TE",0.129444444444444,-0.0174637091682075,0.276352598057096,0.072,"ns","ns"
"HS","OD660_avg","HS YEP","HS SM",0.205777777777778,0.0479945101197119,0.363561045435844,0.021,"*","*"
"HS","OD660_avg","HS YEP +TE","HS SM",0.0763333333333334,-0.0665162560391551,0.219182922705822,0.243,"ns","ns"
